Tam,Acc LSTM,Acc TDA,Acc TDA+LSTM
40.0,0.5625,0.4125,0.5875
80.0,0.51875,0.49375,0.5375
120.0,0.620833334326744,0.4791666666666667,0.6291666666666667
160.0,0.721875,0.503125,0.721875
200.0,0.6625000059604644,0.5249999999999999,0.6575
240.0,0.8249999940395355,0.7291666666666667,0.8291666666666666
280.0,0.8946428656578064,0.7607142857142858,0.9053571428571429
320.0,0.915625,0.7765625,0.925
360.0,0.9055555582046508,0.8,0.9125
400.0,0.9425000011920929,0.82875,0.9475
